aaa,whois.nic.aaa
able,whois.nic.able
ac,whois.nic.ac
academy,whois.nic.academy
accountant,whois.nic.accountant
actor,whois.nic.actor
ad,whois.ripe.net
ae,whois.aeda.net.ae
aero,whois.aero
aetna,whois.nic.aetna
af,whois.nic.af
afl,whois.nic.afl
africa,whois.nic.africa
ag,whois.nic.ag
agency,whois.nic.agency
aig,whois.nic.aig
al,whois.ai
alstom,whois.nic.alstom
am,whois.amnic.net
americanexpress,whois.nic.americanexpress
amex,whois.nic.amex
amica,whois.nic.amica
amsterdam,whois.nic.amsterdam
analytics,whois.nic.analytics
anz,whois.nic.anz
aramco,whois.nic.aramco
archi,whois.nic.archi
arpa,whois.iana.org
art,whois.nic.art
as,whois.nic.as
asia,whois.nic.asia
associates,whois.nic.associates
at,whois.nic.at
athleta,whois.nic.athleta
au,whois.ausregistry.net
audible,whois.nic.audible
auspost,whois.nic.auspost
author,whois.nic.author
aw,whois.nic.aw
aws,whois.nic.aws
ax,whois.ax
axa,whois.nic.axa
az,whois.ripe.net
ba,whois.ripe.net
baby,whois.nic.baby
banamex,whois.nic.banamex
bananarepublic,whois.nic.bananarepublic
bar,whois.nic.bar
barclaycard,whois.nic.barclaycard
barclays,whois.nic.barclays
bargains,whois.nic.bargains
baseball,whois.nic.baseball
be,whois.dns.be
beats,whois.nic.beats
berlin,whois.nic.berlin
best,whois.nic.best
bg,whois.register.bg
bi,whois1.nic.bi
bible,whois.nic.bible
bid,whois.nic.bid
bike,whois.nic.bike
biz,whois.biz
black,whois.nic.black
blackfriday,whois.nic.blackfriday
blue,whois.nic.blue
bo,whois.nic.bo
bond,whois.nic.bond
book,whois.nic.book
booking,whois.nic.booking
bot,whois.nic.bot
boutique,whois.nic.boutique
box,whois.nic.box
br,whois.nic.br
brussels,whois.nic.brussels
build,whois.nic.build
builders,whois.nic.builders
buy,whois.nic.buy
buzz,whois.nic.buzz
by,whois.ripe.net
bz,bzwhois.verisign-grs.com
ca,whois.cira.ca
cab,whois.nic.cab
call,whois.nic.call
calvinklein,whois.nic.calvinklein
cam,whois.nic.cam
camera,whois.nic.camera
camp,whois.nic.camp
cancerresearch,whois.nic.cancerresearch
capetown,whois.nic.capetown
capital,whois.nic.capital
caravan,whois.nic.caravan
cards,whois.nic.cards
care,whois.nic.care
career,whois.nic.career
careers,whois.nic.careers
cartier,whois.nic.cartier
cash,whois.nic.cash
cat,whois.cat
catering,whois.nic.catering
catholic,whois.nic.catholic
cba,whois.nic.cba
cbn,whois.nic.cbn
cbre,whois.nic.cbre
cc,ccwhois.verisign-grs.com
center,whois.nic.center
ceo,whois.nic.ceo
cf,whois.dot.cf
ch,whois.nic.ch
chase,whois.nic.chase
cheap,whois.nic.cheap
chintai,whois.nic.chintai
christmas,whois.nic.christmas
circle,whois.nic.circle
cisco,whois.nic.cisco
citadel,whois.nic.citadel
citi,whois.nic.citi
citic,whois.nic.citic
ck,whois.ck-nic.org.ck
cl,whois.nic.cl
cleaning,whois.nic.cleaning
clinic,whois.nic.clinic
clothing,whois.nic.clothing
cloud,whois.nic.cloud
club,whois.nic.club
cn,whois.cnnic.net.cn
co,whois.nic.co
codes,whois.nic.codes
coffee,whois.nic.coffee
college,whois.nic.college
cologne,whois.nic.cologne
com,whois.verisign-grs.com
commbank,whois.nic.commbank
community,whois.nic.community
company,whois.nic.company
compare,whois.nic.compare
computer,whois.nic.computer
condos,whois.nic.condos
construction,whois.nic.construction
consulting,whois.nic.consulting
contractors,whois.nic.technology
cooking,whois.nic.cooking
cool,whois.nic.cool
coop,whois.nic.coop
country,whois.nic.country
coupon,whois.nic.coupon
courses,whois.nic.courses
cr,whois.nic.cr
creditcard,whois.nic.creditcard
cricket,whois.nic.cricket
cruise,whois.nic.cruise
cruises,whois.nic.cruises
cuisinella,whois.nic.cuisinella
cx,whois.nic.cx
cy,whois.ripe.net
cymru,whois.nic.cymru
cz,whois.nic.cz
dance,whois.nic.dance
date,whois.nic.date
dating,whois.nic.dating
de,whois.denic.de
deal,whois.nic.deal
dealer,whois.nic.dealer
dell,whois.nic.dell
democrat,whois.nic.democrat
dental,whois.nic.dental
desi,whois.nic.desi
diamonds,whois.nic.diamonds
digital,whois.nic.digital
directory,whois.nic.directory
discount,whois.nic.discount
discover,whois.nic.discover
dk,whois.dk-hostmaster.dk
dm,whois.nic.dm
dnp,whois.nic.dnp
do,ns.nic.do
doha,whois.nic.doha
domains,whois.nic.domains
download,whois.nic.download
duns,whois.nic.duns
dupont,whois.nic.dupont
durban,whois.nic.durban
earth,whois.nic.earth
ec,whois.nic.ec
edu,whois.educause.net
education,whois.nic.education
ee,whois.tld.ee
eg,whois.ripe.net
email,whois.nic.email
engineering,whois.nic.engineering
enterprises,whois.nic.enterprises
equipment,whois.nic.equipment
es,whois.nic.es
estate,whois.nic.estate
eu,whois.eu
eus,whois.nic.eus
events,whois.nic.events
everbank,whois.nic.everbank
exchange,whois.nic.exchange
expert,whois.nic.expert
exposed,whois.nic.exposed
fail,whois.nic.fail
faith,whois.nic.faith
farm,whois.nic.farm
farmers,whois.nic.farmers
fast,whois.nic.fast
feedback,whois.nic.feedback
ferrero,whois.nic.ferrero
fi,whois.ficora.fi
film,whois.nic.film
finance,whois.nic.finance
financial,whois.nic.financial
fire,whois.nic.fire
fish,whois.nic.fish
fishing,whois.nic.fishing
fitness,whois.nic.fitness
flickr,whois.nic.flickr
flights,whois.nic.flights
flir,whois.nic.flir
florist,whois.nic.florist
fm,whois.nic.fm
fo,whois.nic.fo
foo,whois.nic.foo
food,whois.nic.food
ford,whois.nic.ford
foundation,whois.nic.foundation
fox,whois.nic.fox
fr,whois.nic.fr
free,whois.nic.free
frl,whois.nic.frl
frogans,whois.nic.frogans
frontier,whois.nic.frontier
ftr,whois.nic.ftr
fun,whois.nic.fun
fund,whois.nic.fund
furniture,whois.nic.furniture
futbol,whois.nic.futbol
ga,whois.dot.ga
gal,whois.nic.gal
gallery,whois.nic.gallery
game,whois.nic.game
gap,whois.nic.gap
gb,whois.ripe.net
gd,whois.adamsnames.com
ge,whois.ripe.net
gg,whois.gg
gift,whois.nic.gift
giving,whois.nic.giving
gl,whois.ripe.net
glass,whois.nic.glass
global,whois.nic.global
gm,whois.ripe.net
gop,whois.nic.gop
got,whois.nic.got
gov,whois.nic.gov
gp,whois.nic.gp
gr,whois.ripe.net
grainger,whois.nic.grainger
graphics,whois.nic.graphics
gratis,whois.nic.gratis
green,whois.nic.green
gripe,whois.nic.gripe
gs,whois.nic.gs
gucci,whois.nic.gucci
guitars,whois.nic.guitars
guru,whois.nic.guru
gy,whois.registry.gy
haus,whois.nic.haus
hbo,whois.nic.hbo
health,whois.nic.health
hk,whois.hkdnr.net.hk
hm,webhost1.capital.hm
hn,whois2.afilias-grs.net
holdings,whois.nic.holdings
holiday,whois.nic.holiday
homegoods,whois.nic.homegoods
homesense,whois.nic.homesense
honeywell,whois.nic.honeywell
horse,whois.nic.horse
hot,whois.nic.hot
hoteles,whois.nic.hoteles
hotels,whois.nic.hotels
house,whois.nic.house
hr,whois.ripe.net
hsbc,whois.nic.hsbc
ht,whois.nic.ht
hu,whois.nic.hu
hyatt,whois.nic.hyatt
ibm,whois.nic.ibm
icu,whois.nic.icu
id,muara.idnic.net.id
ie,whois.domainregistry.ie
ieee,whois.nic.ieee
il,whois.isoc.org.il
im,whois.nic.im
imdb,whois.nic.imdb
immobilien,whois.nic.immobilien
in,whois.inregistry.net
industries,whois.nic.industries
info,whois.afilias.net
ink,whois.nic.ink
institute,whois.nic.institute
insure,whois.nic.insure
int,whois.iana.org
intel,whois.nic.intel
international,whois.nic.international
intuit,whois.nic.intuit
investments,whois.nic.investments
io,whois.nic.io
ipiranga,whois.nic.ipiranga
ir,whois.nic.ir
is,whois.isnic.is
iselect,whois.nic.iselect
it,whois.nic.it
itau,whois.nic.itau
iwc,whois.nic.iwc
je,whois.je
jetzt,whois.nic.jetzt
jlc,whois.nic.jlc
jmp,whois.nic.jmp
jnj,whois.nic.jnj
jo,whois.ripe.net
jobs,jobswhois.verisign-grs.com
joburg,whois.nic.joburg
jot,whois.nic.jot
joy,whois.nic.joy
jp,whois.jprs.jp
jpmorgan,whois.nic.jpmorgan
kaufen,whois.nic.kaufen
ke,whois.kenic.or.ke
kg,whois.domain.kg
ki,whois.nic.ki
kim,whois.nic.kim
kinder,whois.nic.kinder
kindle,whois.nic.kindle
kitchen,whois.nic.kitchen
kiwi,whois.nic.kiwi
koeln,whois.nic.koeln
kpmg,whois.nic.kpmg
kr,whois.krnic.net
krd,whois.nic.krd
kred,whois.nic.kred
la,whois.nic.la
land,whois.nic.land
lanxess,whois.nic.lanxess
latrobe,whois.nic.latrobe
law,whois.nic.law
lease,whois.nic.lease
lgbt,whois.nic.lgbt
li,whois.nic.ch
lifeinsurance,whois.nic.lifeinsurance
lighting,whois.nic.lighting
like,whois.nic.like
lilly,whois.nic.lilly
limited,whois.nic.limited
limo,whois.nic.limo
lincoln,whois.nic.lincoln
link,whois.nic.link
lk,arisen.nic.lk
llc,whois.nic.llc
loan,whois.nic.loan
loft,whois.nic.loft
london,whois.nic.london
lt,www.whois.lt
lu,whois.dns.lu
luxury,whois.nic.luxury
lv,whois.nic.lv
ly,whois.nic.ly
ma,whois.ripe.net
maison,whois.nic.maison
management,whois.nic.management
mango,whois.nic.mango
map,whois.nic.map
marketing,whois.nic.marketing
marshalls,whois.nic.marshalls
mattel,whois.nic.mattel
mc,whois.ripe.net
md,whois.nic.md
me,whois.nic.me
media,whois.nic.media
meet,whois.nic.meet
melbourne,whois.nic.melbourne
men,whois.nic.men
menu,whois.nic.menu
mg,whois.nic.mg
miami,whois.nic.miami
mil,is-1.nic.mil
mint,whois.nic.mint
mk,whois.ripe.net
ml,whois.dot.ml
mlb,whois.nic.mlb
mm,whois.nic.mm
mn,whois.afilias-grs.info
mobi,whois.dotmobiregistry.net
mobily,whois.nic.mobily
moda,whois.nic.moda
moe,whois.nic.moe
moi,whois.nic.moi
monash,whois.nic.monash
moscow,whois.nic.moscow
moto,whois.nic.moto
mp,whois.nic.mp
ms,whois.nic.ms
mt,whois.ripe.net
mtn,whois.nic.mtn
mu,whois.nic.mu
museum,whois.museum
mutual,whois.nic.mutual
mx,whois.nic.mx
my,whois.mynic.net.my
na,whois.na-nic.com.na
nagoya,whois.nic.nagoya
name,whois.nic.name
nba,whois.nic.nba
net,whois.verisign-grs.com
netbank,whois.nic.netbank
netflix,whois.nic.netflix
neustar,whois.nic.neustar
nf,whois.nic.net.nf
nfl,whois.nic.nfl
nike,whois.nic.nike
ninja,whois.nic.ninja
nl,whois.domain-registry.nl
no,whois.norid.no
northwesternmutual,northwesternmutual.whois-servers.net
now,whois.nic.now
nu,whois.iis.nu
nyc,whois.nic.nyc
nz,whois.srs.net.nz
office,whois.nic.office
okinawa,whois.nic.okinawa
olayan,whois.nic.olayan
olayangroup,whois.nic.olayangroup
oldnavy,whois.nic.oldnavy
one,whois.nic.one
onl,whois.nic.onl
open,whois.nic.open
org,whois.publicinterestregistry.net
osaka,whois.nic.osaka
panerai,whois.nic.panerai
paris,whois.nic.paris
partners,whois.nic.partners
parts,whois.nic.parts
party,whois.nic.party
passagens,whois.nic.passagens
pay,whois.nic.pay
pe,kero.yachay.pe
pfizer,whois.nic.pfizer
pharmacy,whois.nic.pharmacy
philips,whois.nic.philips
photo,whois.nic.photo
photography,whois.nic.photography
photos,whois.nic.photos
physio,whois.nic.physio
piaget,whois.nic.piaget
pics,whois.nic.pics
pictures,whois.nic.pictures
pin,whois.nic.pin
ping,whois.nic.ping
pink,whois.nic.pink
pl,whois.dns.pl
plumbing,whois.nic.plumbing
pm,whois.nic.pm
pr,whois.nic.pr
pramerica,whois.nic.pramerica
praxi,whois.nic.praxi
prime,whois.nic.prime
pro,whois.registrypro.pro
productions,whois.nic.productions
properties,whois.nic.properties
pru,whois.nic.pru
prudential,whois.nic.prudential
ps,whois.pnina.ps
pt,whois.dns.pt
pub,whois.nic.pub
pw,whois.nic.pw
qpon,whois.nic.qpon
quebec,whois.nic.quebec
quest,whois.nic.quest
qvc,whois.nic.qvc
racing,whois.nic.racing
re,whois.nic.re
read,whois.nic.read
recipes,whois.nic.recipes
red,whois.nic.red
reisen,whois.nic.reisen
ren,whois.nic.ren
rentals,whois.nic.rentals
repair,whois.nic.repair
report,whois.nic.report
rest,whois.nic.rest
review,whois.nic.review
reviews,whois.nic.reviews
rich,whois.nic.rich
rmit,whois.nic.rmit
ro,whois.rotld.ro
rocher,whois.nic.rocher
rocks,whois.nic.rocks
rodeo,whois.nic.rodeo
room,whois.nic.room
rs,whois.rnids.rs
ru,whois.ripn.net
ruhr,whois.nic.ruhr
ryukyu,whois.nic.ryukyu
sa,whois.saudinic.net.sa
saarland,whois.nic.saarland
safe,whois.nic.safe
safety,whois.nic.safety
sandvik,whois.nic.sandvik
sandvikcoromant,whois.nic.sandvikcoromant
sas,whois.nic.sas
save,whois.nic.save
saxo,whois.nic.saxo
sb,whois.nic.net.sb
sc,whois2.afilias-grs.net
schmidt,whois.nic.schmidt
schule,whois.nic.schule
science,whois.nic.science
scor,whois.nic.scor
se,whois.iis.se
search,whois.nic.search
secure,whois.nic.secure
seek,whois.nic.seek
select,whois.nic.select
services,whois.nic.services
seven,whois.nic.seven
sexy,whois.nic.sexy
sg,whois.nic.net.sg
sh,whois.nic.sh
shiksha,whois.nic.shiksha
shoes,whois.nic.shoes
shop,whois.nic.shop
si,whois.arnes.si
silk,whois.nic.silk
singles,whois.nic.singles
sk,whois.sk-nic.sk
skype,whois.nic.skype
sm,whois.ripe.net
smile,whois.nic.smile
sn,whois.nic.sn
so,whois.nic.so
social,whois.nic.social
sohu,whois.nic.sohu
solar,whois.nic.solar
solutions,whois.nic.solutions
song,whois.nic.song
soy,whois.nic.soy
spot,whois.nic.spot
st,whois.nic.st
staples,whois.nic.staples
starhub,whois.nic.starhub
statefarm,whois.nic.statefarm
stream,whois.nic.stream
study,whois.nic.study
su,whois.ripn.net
sucks,whois.nic.sucks
supplies,whois.nic.supplies
supply,whois.nic.supply
support,whois.nic.support
surgery,whois.nic.surgery
swiftcover,whois.nic.swiftcover
sydney,whois.nic.sydney
systems,whois.nic.systems
tab,whois.nic.tab
taipei,whois.nic.taipei
talk,whois.nic.talk
taobao,whois.nic.taobao
target,whois.nic.target
tattoo,whois.nic.tattoo
tax,whois.nic.tax
tdk,whois.nic.tdk
tech,whois.nic.tech
technology,whois.nic.technology
tel,whois.nic.tel
teva,whois.nic.teva
tf,whois.nic.tf
th,whois.thnic.net
tienda,whois.nic.tienda
tips,whois.nic.tips
tjmaxx,whois.nic.tjmaxx
tjx,whois.nic.tjx
tk,whois.dot.tk
tkmaxx,whois.nic.tkmaxx
tl,whois.nic.tl
tm,whois.nic.tm
tmall,whois.nic.tmall
tn,whois.ripe.net
to,whois.tonic.to
today,whois.nic.today
tokyo,whois.nic.tokyo
tools,whois.nic.tools
top,whois.nic.top
town,whois.nic.town
toys,whois.nic.toys
tr,whois.nic.tr
trade,whois.nic.trade
training,whois.nic.training
travel,whois.nic.travel
trust,whois.nic.trust
tube,whois.nic.tube
tunes,whois.nic.tunes
tushu,whois.nic.tushu
tv,tvwhois.verisign-grs.com
tw,whois.twnic.net
tz,whois.tznic.or.tz
ua,whois.ua
ug,whois.co.ug
uk,whois.nic.uk
university,whois.nic.university
uno,whois.nic.uno
us,whois.nic.us
uy,whois.nic.org.uy
uz,whois.cctld.uz
va,whois.ripe.net
vacations,whois.nic.vacations
vc,whois2.afilias-grs.net
ve,whois.nic.ve
vegas,whois.nic.vegas
ventures,whois.nic.ventures
vg,whois.adamsnames.tc
viajes,whois.nic.viajes
villas,whois.nic.villas
virgin,whois.nic.virgin
vision,whois.nic.vision
vista,whois.nic.vista
vistaprint,whois.nic.vistaprint
vivo,whois.nic.vivo
vlaanderen,whois.nic.vlaanderen
vodka,whois.nic.vodka
vote,whois.nic.vote
voting,whois.nic.voting
voto,whois.nic.voto
voyage,whois.nic.voyage
vuelos,whois.nic.vuelos
wales,whois.nic.wales
walter,whois.nic.walter
wang,whois.nic.wang
wanggou,whois.nic.wanggou
watch,whois.nic.watch
watches,whois.nic.watches
weather,whois.nic.weather
weatherchannel,whois.nic.weatherchannel
webcam,whois.nic.webcam
wed,whois.nic.wed
wf,whois.nic.wf
whoswho,whois.nic.whoswho
wien,whois.nic.wien
wiki,whois.nic.wiki
williamhill,whois.nic.williamhill
win,whois.nic.win
winners,whois.nic.winners
woodside,whois.nic.woodside
works,whois.nic.works
wow,whois.nic.wow
ws,whois.worldsite.ws
wtc,whois.nic.wtc
wtf,whois.nic.wtf
xn--1ck2e1b,whois.nic.xn--1ck2e1b
xn--80aqecdr1a,whois.nic.xn--80aqecdr1a
xn--8y0a063a,whois.nic.xn--8y0a063a
xn--bck1b9a5dre4c,xn--bck1b9a5dre4c.whois-servers.net. 600 in cname whois.nic.xn--bck1b9a5dre4c
xn--cck2b3b,whois.nic.xn--cck2b3b
xn--eckvdtc9d,whois.nic.xn--eckvdtc9d
xn--fct429k,whois.nic.xn--fct429k
xn--fiqs8s,cwhois.cnnic.cn
xn--fiqz9s,cwhois.cnnic.cn
xn--g2xx48c,whois.nic.xn--g2xx48c
xn--gckr3f0f,whois.nic.xn--gckr3f0f
xn--gk3at1e,whois.nic.xn--gk3at1e
xn--j6w193g,whois.hkirc.hk
xn--jvr189m,whois.nic.xn--jvr189m
xn--kcrx77d1x4a,whois.nic.xn--kcrx77d1x4a
xn--kprw13d,whois.twnic.net.tw
xn--kpry57d,whois.twnic.net.tw
xn--kpu716f,whois.nic.xn--kpu716f
xn--mgba3a3ejt,whois.nic.xn--mgba3a3ejt
xn--mgba7c0bbn0a,in cname whois.nic.xn--mgba7c0bbn0a
xn--mgbaam7a8h,whois.aeda.net.ae
xn--mgbb9fbpob,whois.nic.xn--mgbb9fbpob
xn--mgberp4a5d4ar,xn--mgberp4a5d4ar.whois-servers.net. 600 in cname whois.nic.net.sa
xn--mgbi4ecexp,whois.nic.xn--mgbi4ecexp
xn--ngbc5azd,whois.nic.xn--ngbc5azd
xn--nyqy26a,whois.nic.xn--nyqy26a
xn--o3cw4h,whois.thnic.co.th
xn--p1ai,whois.ripn.net
xn--pbt977c,whois.nic.xn--pbt977c
xn--rhqv96g,whois.nic.xn--rhqv96g
xn--rovu88b,whois.nic.xn--rovu88b
xn--tiq49xqyj,whois.nic.xn--tiq49xqyj
xn--y9a3aq,whois.amnic.net
xn--ygbi2ammx,whois.pnina.ps
xxx,whois.nic.xxx
xyz,whois.nic.xyz
yahoo,whois.nic.yahoo
yamaxun,whois.nic.yamaxun
yandex,whois.nic.yandex
yokohama,whois.nic.yokohama
you,whois.nic.you
yt,whois.nic.yt
za,whois.nic.za
zappos,whois.nic.zappos
zero,whois.nic.zero
zippo,whois.nic.zippo
zone,whois.nic.zone
